,name,valius
0,總件數,5760.0
1,總車位數,2893.0
2,平均總價元,18332846.632118054
3,平均車位總價元,969359.9436571033
